news3144,https://vnexpress.net/nhung-moi-nguy-va-giai-phap-bao-ve-gia-dinh-tren-mang-4350088.html
news3161,https://vnexpress.net/giai-phap-bao-ve-gia-dinh-an-toan-tren-khong-gian-mang-4350087.html
news3399,https://vnexpress.net/nguy-co-doanh-nghiep-bi-tan-cong-khi-nhan-vien-lam-viec-tai-nha-4338068.html
news7379,https://vnexpress.net/bac-si-khoc-khi-doc-thu-tay-cua-benh-nhi-4379770.html
news7401,https://vnexpress.net/guong-mat-tre-tho-sau-lan-khoi-thuoc-phien-4382203.html
news7443,https://vnexpress.net/nu-hoa-si-an-do-ve-tranh-gay-quy-tang-benh-nhi-viet-4373213.html
news7498,https://vnexpress.net/nhung-cuoc-chia-ly-phia-sau-buc-giang-4379104.html
news7907,https://vnexpress.net/ganh-nang-thiet-bi-hoc-online-cua-gia-dinh-ngheo-4365789.html
news7939,https://vnexpress.net/chuyen-di-chua-biet-ngay-ve-cua-ba-me-gia-lai-4364720.html
news8018,https://vnexpress.net/tinh-yeu-viet-nam-cua-nu-hoa-si-an-do-mac-hoi-chung-down-4363732.html
news8060,https://vnexpress.net/hoc-tro-thieu-thon-o-pho-bien-vung-tau-4364523.html
news8173,https://vnexpress.net/hoc-tro-ben-ho-tri-an-chat-vat-hoc-online-4361988.html
news8229,https://vnexpress.net/cuoc-song-tha-phuong-cua-gia-dinh-co-con-bi-ung-thu-mau-4362123.html
news8305,https://vnexpress.net/benh-nhi-ung-thu-ve-chu-quan-com-mat-vi-covid-19-4360709.html
news12783,https://vnexpress.net/nhung-cuoc-chia-ly-phia-sau-buc-giang-4379104.html
news12992,https://vnexpress.net/ganh-nang-thiet-bi-hoc-online-cua-gia-dinh-ngheo-4365789.html
news13126,https://vnexpress.net/hoc-tro-ben-ho-tri-an-chat-vat-hoc-online-4361988.html
